date,years,discount_df,projection_df,discount_zero,projection_zero,discount_forward
2026-10-15,0.0821917808219178,0.9968976350263855,0.9964923161899748,0.03780411195683599,0.04275184357480827,0.037804111957179413
2026-11-16,0.16986301369863013,0.9935990535127242,0.9927643473068053,0.03780411195683664,0.04275184357480769,0.037804111957179413
2026-12-15,0.2493150684931507,0.9906191426048923,0.9893979236270235,0.03780411195683666,0.04275184357480808,0.037804111954958974
2027-01-15,0.33424657534246577,0.9874436027712973,0.9858119552697254,0.037804111956836424,0.04275184357480797,0.037804111957179413
2027-02-16,0.42191780821917807,0.9841763032016696,0.9821239425934677,0.03780411195683657,0.04275184357480788,0.037804111957179413
2027-03-15,0.4958904109589041,0.9814279297774973,0.9790229158896481,0.03780411195683668,0.04275184357480793,0.037804111957179413
2027-04-15,0.5808219178082191,0.9782818533988237,0.9754745506529595,0.03780411195683662,0.042751843574807886,0.037804111957179413
2027-05-17,0.6684931506849315,0.9750448686539595,0.9718252111527191,0.03780411195683654,0.04275184357480795,0.037804111957179413
2027-06-15,0.7479452054794521,0.972120603751074,0.968529791235285,0.03780411195683657,0.04275184357480784,0.037804111957179413
2027-07-15,0.8301369863013699,0.9691047308398676,0.965132494967042,0.03780411195683665,0.04275184357480781,0.037804111957179413
2027-08-16,0.9178082191780822,0.9658981117872851,0.9615218460428941,0.037804111956836535,0.04275184357480782,0.037804111957179413
2027-09-15,1.0,0.9629015433171958,0.9581491314305439,0.037804111956836584,0.04275184357480788,0.036809515121343415
2027-10-15,1.082191780821918,0.9600712256656737,0.9549439029485363,0.037653033956475145,0.042601211182457834,0.03581491828650483
2027-11-15,1.167123287671233,0.9571553037276616,0.9516430973901058,0.03751927436538834,0.04246784611833888,0.03581491828650483
2027-12-15,1.2493150684931507,0.9543418763630571,0.9484596330833472,0.037407145675916215,0.0423560481549964,0.03581491828428439
2028-01-18,1.3424657534246576,0.9511633211741646,0.944864578916489,0.03729666459167708,0.04224589293723766,0.03581491828428439
2028-02-15,1.4191780821917808,0.9485536381382627,0.9419141802012271,0.037216570196743806,0.04216603478255091,0.03581491828428439
2028-03-15,1.4986301369863013,0.9458583001565907,0.9388681219650074,0.03714225958352878,0.042091943350186116,0.03581491828428439
2028-04-17,1.5890410958904109,0.942800506516853,0.9354138984069821,0.037066738440704815,0.04201664495869721,0.03581491828428439
2028-05-15,1.6657534246575343,0.9402137683265499,0.9324930100324142,0.03700908882828996,0.04195916538513042,0.03581491828428439
2028-06-15,1.7506849315068493,0.937358157325831,0.9292698069717854,0.03695115567206271,0.04190140310407013,0.03581491828650483
2028-07-17,1.8383561643835618,0.9344195267624991,0.9259543152113819,0.03689696849415983,0.04184737575248563,0.03581491828428439
2028-08-15,1.917808219178082,0.931764351198319,0.9229598696159135,0.036852140699797344,0.04180268017872616,0.03581491828650483
2028-09-15,2.0027397260273974,0.9289344027110773,0.9197696182739971,0.036808154523537494,0.04175882374069743,0.03480342691464419
2028-10-16,2.0876712328767124,0.9262721830831958,0.9167474238959261,0.036685447452139364,0.041636480258804356,0.03379193554261224
2028-11-15,2.16986301369863,0.923703106143087,0.9138321750347921,0.036575844728297745,0.04152720229538319,0.03379193554261224
2028-12-15,2.252054794520548,0.9211411547071712,0.9109261966397654,0.036474242203276615,0.041425900825642466,0.03379193554261224
2029-01-16,2.33972602739726,0.9184162381316048,0.9078366712516612,0.03637373422536346,0.041325690659791185,0.03379193554261224
2029-02-15,2.421917808219178,0.9158689501725176,0.9049497585066928,0.036286116623011275,0.04123833267443014,0.03379193554261224
2029-03-15,2.4986301369863013,0.9134978560679442,0.9022635899197444,0.03620954088809006,0.04116198383868626,0.03379193554261224
2029-04-16,2.5863013698630137,0.9107955498719571,0.8992034448958096,0.036127588164518165,0.04108027394667948,0.03379193554261224
2029-05-15,2.665753424657534,0.9083534904535716,0.8964391543811986,0.03605797467424871,0.04101086672597691,0.03379193554261224
2029-06-15,2.750684931506849,0.9057502533635439,0.8934936196311625,0.035988007330546135,0.040941106700333296,0.03379193554261224
2029-07-16,2.835616438356164,0.9031544768529252,0.8905577633684183,0.03592223126733584,0.0408755255361292,0.03379193554261224
2029-08-15,2.9178082191780823,0.9006495183944777,0.8877257974007358,0.03586222293706498,0.04081569501467446,0.03379193554261224
2029-09-17,3.0082191780821916,0.8979020879036335,0.8846210352323878,0.035800001184775894,0.04075365762972346,0.03378585664800316
2029-10-15,3.084931506849315,0.8955783434906456,0.88199610416966,0.03574976472296593,0.04070354228206083,0.033779777755610814
2029-11-15,3.16986301369863,0.8930126406146918,0.879099014974304,0.03569698201253602,0.040650886824481494,0.033779777755610814
2029-12-17,3.2575342465753425,0.8903718827484665,0.8761184523991687,0.03564538358007152,0.040599412789713886,0.033779777755610814
2030-01-15,3.336986301369863,0.8879854417965278,0.8734260473320018,0.03560096439379066,0.04055510069281944,0.033779777755610814
2030-02-15,3.421917808219178,0.885441491489576,0.8705571081692259,0.03555576280390839,0.040510008078605816,0.033779777755610814
2030-03-15,3.4986301369863013,0.88314999473665,0.867973908918813,0.035516821863161546,0.04047116101984556,0.03377977775783125
2030-04-15,3.5835616438356164,0.8806198972886001,0.865122878374016,0.03547565338662221,0.04043009179561726,0.033779777755610814
2030-05-15,3.665753424657534,0.8781783175084917,0.8623727333791009,0.03543762926934987,0.040392159349978925,0.033779777755610814
2030-06-17,3.756164383561644,0.875500397741364,0.8593576703490275,0.03539772474715333,0.040352351032849516,0.03377977775783125
2030-07-15,3.8328767123287673,0.8732346282490911,0.856807703127979,0.03536534267728586,0.04032004703230939,0.033779777755610814
2030-08-15,3.9178082191780823,0.8707329368969436,0.8539933501761974,0.03533097029088634,0.040285757513654125,0.033779777755610814
2030-09-16,4.005479452054795,0.8681580630957069,0.8510979077111368,0.03529701806030664,0.04025188713787286,0.033254949253228104
2030-10-15,4.0849315068493155,0.8659033723593761,0.8485506268648141,0.03524709182158936,0.04020276215195775,0.032730120752166594
2030-11-15,4.16986301369863,0.8634996606564103,0.8458386982933667,0.03519582631361111,0.040151583148032965,0.03273012075438704
2030-12-16,4.254794520547946,0.8611026215570344,0.84313543692025,0.035146607464676405,0.04010244734967374,0.032730120752166594
2031-01-15,4.336986301369863,0.8587892420599533,0.8405276037630086,0.03510081175945443,0.04005672891890569,0.032730120752166594
2031-02-18,4.4301369863013695,0.8561749242706531,0.8375818091653894,0.03505096420581331,0.040006965476699644,0.032730120752166594
2031-03-17,4.504109589041096,0.854104518949395,0.8352498580557386,0.03501284816369625,0.03996891375057739,0.032730120752166594
2031-04-15,4.583561643835616,0.8518863266309747,0.8327524010251448,0.034973279069299514,0.039929411424017194,0.032730120752166594
2031-05-15,4.6657534246575345,0.8495977070024473,0.830176682785738,0.034933763655614805,0.03988996268758963,0.03273012075438704
2031-06-16,4.7534246575342465,0.8471632892845163,0.8274380305143308,0.03489312009774688,0.03984938771057932,0.032730120752166594
2031-07-15,4.832876712328767,0.8449631240131161,0.8249639314088261,0.03485756058470082,0.039813888199709,0.032730120752166594
2031-08-15,4.917808219178082,0.8426175415675474,0.8223273848255453,0.03482081928397694,0.039777208895277895,0.032730120752166594
2031-09-15,5.002739726027397,0.8402784703611708,0.8196992645232463,0.03478532549729737,0.039741774999869105,0.03316050427305107
2031-10-15,5.0849315068493155,0.8379617494115734,0.8171078410106967,0.03476601885340783,0.03972210760748566,0.03359088779539649
2031-11-17,5.175342465753425,0.8354207331373139,0.8142646169551511,0.03474548983015925,0.03970169798666389,0.03359088779539649
2031-12-15,5.252054794520548,0.8332707628111536,0.8118599441989941,0.034728625533354256,0.03968493177723208,0.03359088779539649
2032-01-15,5.336986301369863,0.8308968919036963,0.8092059105623093,0.03471051985066497,0.03966693140215659,0.03359088779539649
2032-02-17,5.427397260273972,0.8283772989437055,0.8063901822149292,0.0346918687361642,0.03964838876765053,0.03359088779317605
2032-03-15,5.501369863013698,0.8263214977499528,0.8040936935318874,0.03467706470956932,0.03963367084533254,0.03359088779539649
2032-04-15,5.586301369863014,0.8239674243187699,0.8014650483758743,0.034660550985027204,0.03961725316913923,0.03359088779539649
2032-05-17,5.673972602739726,0.8215444472362489,0.7987606214175323,0.03464402311343365,0.03960082142817758,0.03359088779539649
2032-06-15,5.7534246575342465,0.8193547792315974,0.7963176178153497,0.034629479816183646,0.03958636271873112,0.03359088779539649
2032-07-15,5.835616438356165,0.8170957467213599,0.7937982352622492,0.03461485175955192,0.03957181974288671,0.03359088779539649
2032-08-16,5.923287671232877,0.814692976648055,0.7911196788469971,0.034599695956196205,0.03955675208983794,0.03359088779539649
2032-09-15,6.005479452054795,0.8124467971336863,0.7886167414866889,0.034585889275162464,0.03954302571224589,0.0333721495563862
2032-10-15,6.087671232876712,0.8102359436383456,0.7861500374357174,0.03456654888868797,0.03952375354099127,0.033153411317032144
2032-11-15,6.1726027397260275,0.8079577152273696,0.7836092152709915,0.03454710491854868,0.03950437815142043,0.033153411317032144
2032-12-15,6.254794520547946,0.8057590775502935,0.7811581741961551,0.03452879094218078,0.03948612877003495,0.033153411317032144
2033-01-18,6.347945205479452,0.8032745200848392,0.7783895943981628,0.03450860841854773,0.03946601743191254,0.033153411314811705
2033-02-15,6.424657534246576,0.8012341674566438,0.7761169568293116,0.03449242696061821,0.039449893047388065,0.033153411317032144
2033-03-15,6.501369863013698,0.7991989974139072,0.7738509546029118,0.034476627366002696,0.03943414917931253,0.033153411317032144
2033-04-18,6.594520547945206,0.7967346679502602,0.7711082730432195,0.034457936320856135,0.0394155240591027,0.033153411317032144
2033-05-16,6.671232876712328,0.7947109268342653,0.7688568945001585,0.034442935622659286,0.03940057626966893,0.033153411317032144
2033-06-15,6.7534246575342465,0.7925483366971933,0.7664519970176303,0.03442724161488193,0.03938493761601762,0.033153411317032144
2033-07-15,6.835616438356165,0.7903916314623456,0.7640546217826657,0.03441192501811323,0.03936967504221366,0.033153411317032144
2033-08-15,6.920547945205479,0.7881692014594144,0.7615852115865931,0.03439648007562074,0.039354284575372406,0.033153411317032144
2033-09-15,7.005479452054795,0.7859530205043238,0.7591237824779227,0.034381409629191825,0.03933926728371461,0.033373953414091224
2033-10-17,7.093150684931507,0.7836415815697451,0.7565621304307576,0.03437168338284182,0.039329577606079136,0.0335944955107273
2033-11-15,7.1726027397260275,0.7815527123062319,0.7542481006970959,0.034363074349877835,0.039321000941333825,0.0335944955107273
2033-12-15,7.254794520547946,0.7793976722773404,0.7518617245877056,0.03435436688568477,0.0393123262154409,0.0335944955107273
2034-01-17,7.345205479452055,0.7770339909366201,0.7492454305304999,0.034345013750517614,0.039303008246165845,0.0335944955107273
2034-02-15,7.424657534246576,0.7749627348183306,0.7469537797402724,0.034336982374516746,0.0392950070665106,0.033594495508506864
2034-03-15,7.501369863013698,0.7729681403176177,0.7447478025136487,0.034329389375176274,0.039287442615308345,0.0335944955107273
2034-04-17,7.5917808219178085,0.7706239578351354,0.742156263157257,0.03432063748144248,0.03927872362692074,0.0335944955107273
2034-05-15,7.668493150684932,0.7686405304529454,0.7399644544275515,0.034313373467441705,0.03927148692414004,0.0335944955107273
2034-06-15,7.7534246575342465,0.7664505471171194,0.7375453587840552,0.034305498832577004,0.039263641896306024,0.0335944955107273
2034-07-17,7.841095890410959,0.7641964637434097,0.735056522810508,0.03429754910989759,0.03925572206297228,0.0335944955107273
2034-08-15,7.920547945205479,0.7621594272436346,0.7328082703785009,0.034290496687073534,0.03924869615582833,0.0335944955107273
2034-09-15,8.005479452054795,0.759987909637189,0.7304125697691222,0.0342831126910175,0.03924133992210055,0.033482327683306744
2034-10-16,8.09041095890411,0.7578370180978102,0.7280385657233274,0.03427352869582942,0.03923178425745687,0.03337015985906891
2034-11-15,8.172602739726027,0.7557613063285679,0.7257484894113861,0.03426444352482614,0.03922272594246046,0.03337015985906891
2034-12-15,8.254794520547945,0.7536912799233895,0.7234656166320069,0.03425553927325869,0.039213848012097215,0.03337015985906891
2035-01-16,8.342465753424657,0.7514895007478506,0.7210384666987302,0.03424623479337231,0.03920457103650057,0.03337015985906891
2035-02-15,8.424657534246576,0.7494311747966063,0.7187704094963695,0.03423768772084251,0.03919604922934425,0.03337015985906891
2035-03-15,8.501369863013698,0.7475151573835462,0.7166599932552067,0.03422985956095542,0.039188244209705764,0.03337015985906891
2035-04-16,8.58904109589041,0.7453314206855522,0.7142556754620415,0.034221084316789455,0.039179494905394685,0.03337015985906891
2035-05-15,8.668493150684931,0.7433579201467722,0.7120837305564782,0.0342132850723919,0.03917171871577077,0.03337015985906891
2035-06-15,8.753424657534246,0.7412540942294137,0.7097692993332859,0.034205104514766535,0.03916356234009111,0.03337015985906891
2035-07-16,8.838356164383562,0.739156222487521,0.707462390528676,0.0341970811780255,0.03915556272054662,0.03337015985906891
2035-08-15,8.92054794520548,0.7371316773232096,0.7052370374520441,0.03418946212410392,0.03914796618875087,0.03337015985906891
2035-09-17,9.01095890410959,0.7349110817852905,0.7027972331534454,0.03418124170004002,0.0391397700644789,0.03325309736519284
2035-10-15,9.087671232876712,0.7330453524381809,0.700746268361479,0.034172418730151914,0.03913097261612138,0.03313603487216684
2035-11-15,9.172602739726027,0.730985247989645,0.6984825381984235,0.03416282258333908,0.03912140422734893,0.03313603487438728
2035-12-17,9.26027397260274,0.7288647611165515,0.6961534547502463,0.03415310151627187,0.03911171127966938,0.03313603487438728
2036-01-15,9.33972602739726,0.7269483836222199,0.6940494318742095,0.034144449438649326,0.039103084229250434,0.03313603487216684
2036-02-15,9.424657534246576,0.7249054137105015,0.6918073355484469,0.03413536198182004,0.03909402305901288,0.03313603487438728
2036-03-17,9.509589041095891,0.7228681852326377,0.6895724822167753,0.034126436847757506,0.039085123742003444,0.03313603487438728
2036-04-15,9.58904109589041,0.7209675743162505,0.6874883493759923,0.034118230659977974,0.03907694129163604,0.03313603487438728
2036-05-15,9.67123287671233,0.7190066835874465,0.6853389781991335,0.03410988338701244,0.039068618164188974,0.03313603487438728
2036-06-16,9.758904109589041,0.7169209448691799,0.6830537218280417,0.03410113460756137,0.03905989469166348,0.03313603487438728
2036-07-15,9.838356164383562,0.7150359708146549,0.6809892909953256,0.03409334070829581,0.039052123337214584,0.03313603487438728
2036-08-15,9.923287671232877,0.7130264787969524,0.6787893848833052,0.03408514731214676,0.039043953641476295,0.03313603487438728
2036-09-15,10.008219178082191,0.7110226341289414,0.6765965854717362,0.034077092977197077,0.03903592260468568,0.03313603487438728
